Konsentrasi_Substrat_S_mM,Kecepatan_Reaksi_v_umol_per_min,v_per_S,v_teoritis_Michaelis_Menten
0.5,1.0,2.0,1.0443767908309456
1.0,1.8,1.8,1.8096193628465038
2.0,3.0,1.5,2.8559255631733595
4.0,4.2,1.05,4.017313432835821
8.0,4.8,0.6,5.042628620838737
