Parameter,Nilai,Satuan
Vmax,6.7706656346749226,μmol/menit
Km,2.7414860681114552,mM
R_squared,0.9602792378610338,-
